{
  "activateSkinCapeForUserVersion": false,
  "skipHashsumValidation": false,
  "additionalFiles": [
    {
      "sha1": "f6b0482f95f292e091bfa0243db34a03423898eb",
      "size": 27677723,
      "path": "libraries/net/minecraft/client/1.21/client-1.21-official.jar",
      "url": "http://res.tlauncher.org/unb/libraries/cache/net/minecraft/client/1.21/client-1.21-official.jar"
    },
    {
      "sha1": "2600bdaf097df4c82b1f80df8e21f96d5953dfa5",
      "size": 6699944,
      "path": "libraries/net/minecraft/client/1.21/client-1.21-mappings.tsrg",
      "url": "http://res.tlauncher.org/unb/libraries/cache/net/minecraft/client/1.21/client-1.21-mappings.tsrg"
    },
    {
      "sha1": "c8f5bb29d1f94b9e340ec29c637bd72e649cc3d5",
      "size": 10531,
      "path": "libraries/net/minecraftforge/forge/1.21-51.0.24/forge-1.21-51.0.24-shim.jar",
      "url": "http://res.tlauncher.org/unb/libraries/cache/net/minecraftforge/forge/1.21-51.0.24/forge-1.21-51.0.24-shim.jar"
    },
    {
      "sha1": "bd2426bc0875125ba5011429c443bd2f63838fde",
      "size": 118641,
      "path": "libraries/net/minecraftforge/fmlcore/1.21-51.0.24/fmlcore-1.21-51.0.24.jar",
      "url": "http://res.tlauncher.org/unb/libraries/cache/net/minecraftforge/fmlcore/1.21-51.0.24/fmlcore-1.21-51.0.24.jar"
    },
    {
      "sha1": "3a9dfe5f8efdb26b28e7b4d1c8b10b7e869800b9",
      "size": 17162,
      "path": "libraries/net/minecraftforge/javafmllanguage/1.21-51.0.24/javafmllanguage-1.21-51.0.24.jar",
      "url": "http://res.tlauncher.org/unb/libraries/cache/net/minecraftforge/javafmllanguage/1.21-51.0.24/javafmllanguage-1.21-51.0.24.jar"
    },
    {
      "sha1": "378cb5ca5c88e6fe7c49515bdd5d24ffe25ba5d7",
      "size": 4918,
      "path": "libraries/net/minecraftforge/mclanguage/1.21-51.0.24/mclanguage-1.21-51.0.24.jar",
      "url": "http://res.tlauncher.org/unb/libraries/cache/net/minecraftforge/mclanguage/1.21-51.0.24/mclanguage-1.21-51.0.24.jar"
    },
    {
      "sha1": "28cf34e5543cce8be94b85d5dc8e9019a2342b7e",
      "size": 7320,
      "path": "libraries/net/minecraftforge/lowcodelanguage/1.21-51.0.24/lowcodelanguage-1.21-51.0.24.jar",
      "url": "http://res.tlauncher.org/unb/libraries/cache/net/minecraftforge/lowcodelanguage/1.21-51.0.24/lowcodelanguage-1.21-51.0.24.jar"
    }
  ],
  "tlauncherVersion": 0,
  "modpack": {
    "modpackMemory": false,
    "memory": 0,
    "id": -2876681404800,
    "name": "Mymodpack",
    "favorite": false,
    "version": {
      "mods": [
        {
          "stateGameElement": "active",
          "id": 238222,
          "name": "Just Enough Items (JEI)",
          "author": "mezz",
          "linkProject": "https://www.curseforge.com/minecraft/mc-mods/jei",
          "favorite": false,
          "categories": [
            {
              "id": 6,
              "name": "map_information",
              "shortName": "maps",
              "nesting": 0
            },
            {
              "id": 7,
              "name": "library_api",
              "shortName": "api",
              "nesting": 0
            }
          ],
          "picture": 821131,
          "pictures": [
            24074,
            24069,
            24081,
            24089
          ],
          "lanName": "jei",
          "version": {
            "id": 5537213,
            "name": "jei-1.21-forge-19.5.0.35",
            "updateDate": 1721126342000,
            "type": "beta",
            "gameVersionsDTO": [
              {
                "id": 52,
                "name": "1.21"
              }
            ],
            "metadata": {
              "sha1": "fbb6f8539251ea6a94121110052faa46e998f32c",
              "size": 1215500,
              "path": "mods/jei-1.21-forge-19.5.0.35.jar",
              "url": "/mods/238222/5537213/jei-1.21-forge-19.5.0.35.jar"
            },
            "available": false,
            "minecraftVersionTypes": [
              {
                "id": 1,
                "name": "forge"
              }
            ]
          },
          "downloadMonth": 74909,
          "userInstall": false,
          "populateStatus": false,
          "dependencies": [],
          "lastGameVersion": {
            "id": 52,
            "name": "1.21"
          },
          "updated": 1721077200000,
          "update": 1721077200000,
          "downloadALL": 65166232,
          "available": true,
          "parser": true,
          "totalComments": 0,
          "adult": false
        },
        {
          "stateGameElement": "active",
          "id": 32274,
          "name": "JourneyMap",
          "author": "techbrew",
          "linkProject": "https://www.curseforge.com/minecraft/mc-mods/journeymap",
          "favorite": false,
          "categories": [
            {
              "id": 6,
              "name": "map_information",
              "shortName": "maps",
              "nesting": 0
            }
          ],
          "picture": 787401,
          "pictures": [],
          "lanName": "journeymap",
          "version": {
            "id": 5517076,
            "name": "journeymap-forge-1.21-6.0.0-beta.17",
            "updateDate": 1720539750000,
            "type": "beta",
            "gameVersionsDTO": [
              {
                "id": 52,
                "name": "1.21"
              }
            ],
            "metadata": {
              "sha1": "06722235a3558aeff34bdc7410d654e91ed93914",
              "size": 3033610,
              "path": "mods/journeymap-forge-1.21-6.0.0-beta.17.jar",
              "url": "/mods/32274/5517076/journeymap-forge-1.21-6.0.0-beta.17.jar"
            },
            "available": false,
            "minecraftVersionTypes": [
              {
                "id": 1,
                "name": "forge"
              }
            ]
          },
          "downloadMonth": 40310,
          "userInstall": false,
          "populateStatus": false,
          "dependencies": [],
          "lastGameVersion": {
            "id": 52,
            "name": "1.21"
          },
          "updated": 1720731600000,
          "update": 1720731600000,
          "downloadALL": 36631189,
          "available": true,
          "parser": true,
          "totalComments": 0,
          "adult": false
        },
        {
          "stateGameElement": "active",
          "id": 220318,
          "name": "Biomes O' Plenty",
          "author": "Glitchfiend TDWP_FTW TheAdubbz Glitchfiend",
          "linkProject": "https://www.curseforge.com/minecraft/mc-mods/biomes-o-plenty",
          "favorite": false,
          "categories": [
            {
              "id": 14,
              "name": "world_biomes",
              "shortName": "biomes",
              "nesting": 0
            },
            {
              "id": 29,
              "name": "world_gen",
              "shortName": "world",
              "nesting": 0
            }
          ],
          "picture": 787483,
          "pictures": [
            369761,
            369767,
            369768,
            369759,
            369753,
            369756,
            369769,
            369760,
            369766,
            369757,
            369764,
            369765,
            369755,
            369758,
            369754,
            369762,
            369772,
            369771,
            369773,
            369770,
            369763
          ],
          "lanName": "biomes-o-plenty",
          "version": {
            "id": 5512374,
            "name": "BiomesOPlenty-forge-1.21-21.0.0.12",
            "updateDate": 1720398420000,
            "type": "beta",
            "gameVersionsDTO": [
              {
                "id": 52,
                "name": "1.21"
              }
            ],
            "metadata": {
              "sha1": "aa5a3f1dbaa8c9cf1fc6188729f8d3b5a2e940c1",
              "size": 22297540,
              "path": "mods/BiomesOPlenty-forge-1.21-21.0.0.12.jar",
              "url": "/mods/220318/5512374/BiomesOPlenty-forge-1.21-21.0.0.12.jar"
            },
            "available": false,
            "minecraftVersionTypes": [
              {
                "id": 1,
                "name": "forge"
              }
            ]
          },
          "downloadMonth": 23542,
          "userInstall": false,
          "populateStatus": false,
          "dependencies": [],
          "lastGameVersion": {
            "id": 52,
            "name": "1.21"
          },
          "updated": 1720904400000,
          "update": 1720904400000,
          "downloadALL": 14676534,
          "available": true,
          "parser": true,
          "totalComments": 0,
          "adult": false
        },
        {
          "stateGameElement": "active",
          "id": 563928,
          "name": "TerraBlender (Forge)",
          "author": "theadubbz",
          "linkProject": "https://www.curseforge.com/minecraft/mc-mods/terrablender",
          "favorite": false,
          "categories": [
            {
              "id": 14,
              "name": "world_biomes",
              "shortName": "biomes",
              "nesting": 0
            },
            {
              "id": 7,
              "name": "library_api",
              "shortName": "api",
              "nesting": 0
            },
            {
              "id": 29,
              "name": "world_gen",
              "shortName": "world",
              "nesting": 0
            }
          ],
          "picture": 787545,
          "pictures": [],
          "lanName": "terrablender",
          "version": {
            "id": 5425913,
            "name": "TerraBlender-forge-1.21-4.0.0.0",
            "updateDate": 1718323943000,
            "type": "beta",
            "gameVersionsDTO": [
              {
                "id": 52,
                "name": "1.21"
              }
            ],
            "metadata": {
              "sha1": "2e09a93eae3a935f8e07bf542386e0c3feca55ad",
              "size": 114666,
              "path": "mods/TerraBlender-forge-1.21-4.0.0.0.jar",
              "url": "/mods/563928/5425913/TerraBlender-forge-1.21-4.0.0.0.jar"
            },
            "available": false,
            "minecraftVersionTypes": [
              {
                "id": 1,
                "name": "forge"
              }
            ]
          },
          "downloadMonth": 0,
          "userInstall": false,
          "populateStatus": false,
          "dependencies": [],
          "lastGameVersion": {
            "id": 52,
            "name": "1.21"
          },
          "updated": 1718398800000,
          "update": 1718398800000,
          "downloadALL": 3170318,
          "available": true,
          "parser": true,
          "totalComments": 0,
          "adult": false
        },
        {
          "stateGameElement": "active",
          "id": 955399,
          "name": "GlitchCore",
          "author": "TheAdubbz TheAdubbz GlitchfiendMods",
          "linkProject": "https://www.curseforge.com/minecraft/mc-mods/glitchcore",
          "favorite": false,
          "categories": [
            {
              "id": 7,
              "name": "library_api",
              "shortName": "api",
              "nesting": 0
            }
          ],
          "picture": 800761,
          "pictures": [],
          "lanName": "glitchcore11",
          "version": {
            "id": 5426058,
            "name": "forge-1.21-2.0.0.0",
            "updateDate": 1718326684000,
            "type": "beta",
            "gameVersionsDTO": [
              {
                "id": 52,
                "name": "1.21"
              }
            ],
            "metadata": {
              "sha1": "263b35cc1b4df4732b0d8e5fee28524292195787",
              "size": 88476,
              "path": "mods/GlitchCore-forge-1.21-2.0.0.0.jar",
              "url": "/mods/955399/5426058/GlitchCore-forge-1.21-2.0.0.0.jar"
            },
            "available": false,
            "minecraftVersionTypes": [
              {
                "id": 1,
                "name": "forge"
              }
            ]
          },
          "downloadMonth": 0,
          "userInstall": false,
          "populateStatus": false,
          "dependencies": [],
          "lastGameVersion": {
            "id": 52,
            "name": "1.21"
          },
          "updated": 1715968800000,
          "update": 1715968800000,
          "downloadALL": 108853,
          "available": true,
          "parser": true,
          "totalComments": 0
        }
      ],
      "resourcePacks": [],
      "maps": [],
      "shaderpacks": [],
      "gameVersionDTO": {
        "id": 52,
        "name": "1.21"
      },
      "minecraftVersionName": {
        "id": 3802,
        "name": "51.0.24"
      },
      "id": -2876681433701,
      "name": "1.0",
      "available": false,
      "minecraftVersionTypes": [
        {
          "id": 1,
          "name": "forge"
        }
      ]
    },
    "userInstall": false,
    "populateStatus": false,
    "available": false,
    "parser": false,
    "totalComments": 0
  },
  "source": "local_version_repo",
  "jar": "1.21",
  "skinVersion": false
}